{"cameraMode":{"drawMode":0,"name":"Shaded","section":"Shading Mode"},"sceneLighting":false,"audioPlay":false,"sceneViewState":{"m_AlwaysRefresh":false,"showFog":true,"showSkybox":false,"showFlares":true,"showImageEffects":true,"showParticleSystems":true,"showVisualEffectGraphs":true,"m_FxEnabled":true},"in2DMode":false,"pivot":{"x":0.0000362396240234375,"y":4.415421962738037,"z":0.0009251832962036133},"rotation":{"x":0.2765466272830963,"y":0.501564085483551,"z":-0.17348332703113557,"w":0.8017130494117737},"size":6.401025295257568,"orthographic":true}